drug,reaction,a,b,c,d,n_total,expected,prr,prr_ci_low,prr_ci_high,chi2,chi2_p,ror,ror_ci_low,ror_ci_high,ic,ic025,ic975,ic_var,corrected,is_signal_prr,is_signal_ror,is_signal_ic,is_signal
METFORMIN,LACTIC ACIDOSIS,20130.0,412767.0,11542.0,39052743.0,39497182.0,347.131443,157.383069,153.852704,160.994442,1140825.44818,0.0,165.009626,161.243437,168.863782,5.857733,5.831896,5.883569,0.000174,False,True,True,True,True
METFORMIN,HYPOGLYCAEMIA,9151.0,423746.0,40960.0,39023325.0,39497182.0,549.226564,20.160621,19.712788,20.618628,136383.567091,0.0,20.574404,20.109332,21.050233,4.058519,4.026098,4.09094,0.000274,False,True,True,True,True
METFORMIN,BLOOD GLUCOSE INCREASED,27171.0,405726.0,159505.0,38904780.0,39497182.0,2046.006228,15.371867,15.180764,15.565376,313435.860255,0.0,16.334335,16.119652,16.551877,3.731206,3.712366,3.750047,9.2e-05,False,True,True,True,True
METFORMIN,ACUTE KIDNEY INJURY,18364.0,414533.0,131954.0,38932331.0,39497182.0,1647.51529,12.558565,12.369815,12.750196,172148.275116,0.0,13.070615,12.866525,13.277942,3.478549,3.456045,3.501054,0.000132,False,True,True,True,True
IBUPROFEN,JOINT SWELLING,6491.0,212209.0,112461.0,39166021.0,39497182.0,658.649582,10.366104,10.113558,10.624957,52089.973225,0.0,10.652593,10.385622,10.926427,3.30096,3.264423,3.337496,0.000347,False,True,True,True,True
ASPIRIN,GASTROINTESTINAL HAEMORRHAGE,14998.0,602928.0,91272.0,38787984.0,39497182.0,1662.574206,10.33897,10.163824,10.517134,108955.956207,0.0,10.571279,10.388351,10.757428,3.17332,3.148406,3.198233,0.000162,False,True,True,True,True
IBUPROFEN,ACUTE KIDNEY INJURY,6889.0,211811.0,143429.0,39135053.0,39497182.0,832.326382,8.626311,8.423372,8.83414,44487.918285,0.0,8.874352,8.659146,9.094906,3.04917,3.013819,3.084521,0.000325,False,True,True,True,True
IBUPROFEN,PERIPHERAL SWELLING,5852.0,212848.0,145573.0,39132909.0,39497182.0,838.455956,7.21987,7.036042,7.408501,30261.401429,0.0,7.390878,7.197763,7.589175,2.803238,2.765094,2.841382,0.000379,False,True,True,True,True
IBUPROFEN,ABDOMINAL DISCOMFORT,5913.0,212787.0,159040.0,39119442.0,39497182.0,913.361898,6.6774,6.508524,6.850658,27635.238444,0.0,6.835166,6.657706,7.017356,2.694746,2.656844,2.732648,0.000374,False,True,True,True,True
IBUPROFEN,DRUG HYPERSENSITIVITY,6796.0,211904.0,184927.0,39093555.0,39497182.0,1061.590169,6.600228,6.444734,6.759474,31300.063851,0.0,6.779834,6.615204,6.948561,2.678558,2.643145,2.713972,0.000326,False,True,True,True,True
IBUPROFEN,NASOPHARYNGITIS,5980.0,212720.0,176310.0,39102172.0,39497182.0,1009.358668,6.091583,5.938645,6.24846,24728.614082,0.0,6.234718,6.073964,6.399726,2.56682,2.52918,2.60446,0.000369,False,True,True,True,True
METFORMIN,WEIGHT DECREASED,17306.0,415591.0,258058.0,38806227.0,39497182.0,3018.044414,6.051662,5.960991,6.143712,68871.442443,0.0,6.262023,6.164532,6.361056,2.519624,2.497065,2.542183,0.000132,False,True,True,True,True
ASPIRIN,ACUTE KIDNEY INJURY,13169.0,604757.0,137149.0,38742107.0,39497182.0,2351.6969,6.041456,5.935443,6.149363,50741.208134,0.0,6.151237,6.041141,6.26334,2.485421,2.459485,2.511356,0.000175,False,True,True,True,True
IBUPROFEN,ABDOMINAL PAIN UPPER,6263.0,212437.0,196461.0,39082021.0,39497182.0,1122.503849,5.725481,5.585209,5.869276,23794.055069,0.0,5.864796,5.717037,6.016374,2.480242,2.443473,2.517011,0.000352,False,True,True,True,True
ASPIRIN,MYOCARDIAL INFARCTION,16436.0,601490.0,185939.0,38693317.0,39497182.0,3166.118896,5.561694,5.474782,5.649987,56791.842723,0.0,5.686345,5.595238,5.778935,2.376111,2.35291,2.399313,0.00014,False,True,True,True,True
IBUPROFEN,TOXICITY TO VARIOUS AGENTS,4959.0,213741.0,160662.0,39117820.0,39497182.0,917.060683,5.543536,5.390766,5.700634,17989.448427,0.0,5.64895,5.489804,5.81271,2.435098,2.39391,2.476286,0.000442,False,True,True,True,True
IBUPROFEN,URTICARIA,5693.0,213007.0,188023.0,39090459.0,39497182.0,1072.625617,5.437961,5.298238,5.58137,20111.88822,0.0,5.556574,5.410129,5.706983,2.408162,2.369671,2.446654,0.000386,False,True,True,True,True
IBUPROFEN,ARTHRALGIA,11377.0,207323.0,397506.0,38880976.0,39497182.0,2264.027649,5.140318,5.047829,5.234501,37270.836014,0.0,5.367521,5.265816,5.47119,2.329215,2.301678,2.356752,0.000197,False,True,True,True,True
METFORMIN,DECREASED APPETITE,11975.0,420922.0,216578.0,38847707.0,39497182.0,2504.986509,4.989494,4.899732,5.0809,36408.468249,0.0,5.102993,5.008712,5.199049,2.257206,2.230364,2.284049,0.000188,False,True,True,True,True
ASPIRIN,CHEST PAIN,14021.0,603905.0,185238.0,38694018.0,39497182.0,3117.36966,4.762449,4.682253,4.844019,38940.239105,0.0,4.849803,4.766362,4.934705,2.169235,2.144281,2.194189,0.000162,False,True,True,True,True
METFORMIN,TOXICITY TO VARIOUS AGENTS,8148.0,424749.0,157473.0,38906812.0,39497182.0,1815.239225,4.669176,4.567275,4.77335,22431.765543,0.0,4.739562,4.63424,4.847278,2.166369,2.134005,2.198732,0.000273,False,True,True,True,True
IBUPROFEN,BACK PAIN,5646.0,213054.0,223770.0,39054712.0,39497182.0,1270.300225,4.531531,4.414897,4.651245,15245.089935,0.0,4.625117,4.503023,4.750522,2.152181,2.113621,2.190741,0.000387,False,True,True,True,True
ASPIRIN,FALL,22041.0,595885.0,306048.0,38573208.0,39497182.0,5132.890833,4.531304,4.470828,4.592598,57055.6714,0.0,4.661923,4.59754,4.727207,2.102376,2.082389,2.122362,0.000104,False,True,True,True,True
IBUPROFEN,PYREXIA,8315.0,210385.0,333391.0,38945091.0,39497182.0,1892.061621,4.479343,4.384718,4.57601,22116.543489,0.0,4.616856,4.515588,4.720395,2.135839,2.103887,2.16779,0.000266,False,True,True,True,True
IBUPROFEN,ANXIETY,6690.0,212010.0,281076.0,38997406.0,39497182.0,1593.390237,4.274726,4.173856,4.378033,16513.067837,0.0,4.37806,4.271591,4.487183,2.070009,2.034529,2.105489,0.000328,False,True,True,True,True
ASPIRIN,CONSTIPATION,13592.0,604334.0,200101.0,38679155.0,39497182.0,3343.186881,4.273814,4.200972,4.347919,32091.551782,0.0,4.347445,4.271777,4.424452,2.02351,1.998252,2.048769,0.000166,False,True,True,True,True
IBUPROFEN,VOMITING,10719.0,207981.0,457199.0,38821283.0,39497182.0,2590.910577,4.210706,4.132759,4.290123,25948.465933,0.0,4.37618,4.291111,4.462937,2.048702,2.020436,2.076967,0.000208,False,True,True,True,True
ASPIRIN,HYPOGLYCAEMIA,3081.0,614845.0,47030.0,38832226.0,39497182.0,783.977191,4.121907,3.974716,4.274549,6845.839345,0.0,4.137551,3.989109,4.291517,1.974734,1.922135,2.027333,0.00072,False,True,True,True,True
ASPIRIN,HYPOTENSION,13231.0,604695.0,202103.0,38677153.0,39497182.0,3368.860019,4.119091,4.048006,4.191424,29490.472117,0.0,4.187338,4.113582,4.262416,1.97364,1.948071,1.999209,0.00017,False,True,True,True,True
METFORMIN,DIARRHOEA,28016.0,404881.0,616049.0,38448236.0,39497182.0,7059.080982,4.1038,4.056501,4.15165,63948.915376,0.0,4.318569,4.26549,4.372309,1.988722,1.970955,2.006489,8.2e-05,False,True,True,True,True
ASPIRIN,ASTHENIA,22458.0,595468.0,348634.0,38530622.0,39497182.0,5805.664698,4.053058,3.999679,4.107149,48983.089228,0.0,4.168204,4.111348,4.225845,1.951725,1.931979,1.971471,0.000101,False,True,True,True,True
IBUPROFEN,CHEST PAIN,4315.0,214385.0,194944.0,39083538.0,39497182.0,1103.317784,3.975363,3.858368,4.095907,9448.708382,0.0,4.03525,3.914176,4.160068,1.967672,1.923753,2.011592,0.000502,False,True,True,True,True
IBUPROFEN,PAIN IN EXTREMITY,6304.0,212396.0,284967.0,38993515.0,39497182.0,1612.797786,3.973082,3.876533,4.072036,13823.38379,0.0,4.061324,3.959786,4.165466,1.966811,1.930319,2.003303,0.000347,False,True,True,True,True
IBUPROFEN,CONDITION AGGRAVATED,6434.0,212266.0,291551.0,38986931.0,39497182.0,1649.973902,3.963441,3.868123,4.061108,14054.336969,0.0,4.053266,3.952918,4.156162,1.963379,1.927248,1.99951,0.00034,False,True,True,True,True
IBUPROFEN,GASTROINTESTINAL HAEMORRHAGE,2292.0,216408.0,103978.0,39174504.0,39497182.0,588.42803,3.958941,3.799243,4.125353,4972.892947,0.0,3.99028,3.827674,4.159793,1.961974,1.901982,2.021965,0.000937,False,True,True,True,True
METFORMIN,VOMITING,19623.0,413274.0,448295.0,38615990.0,39497182.0,5128.474696,3.949997,3.895171,4.005596,41916.185875,0.0,4.090069,4.030708,4.150303,1.935977,1.914944,1.957011,0.000115,False,True,True,True,True
ASPIRIN,WEIGHT DECREASED,15784.0,602142.0,259580.0,38619676.0,39497182.0,4308.018103,3.825845,3.765606,3.887047,31274.382686,0.0,3.899919,3.836986,3.963883,1.873409,1.850001,1.896816,0.000143,False,True,True,True,True
IBUPROFEN,HEADACHE,12953.0,205747.0,616309.0,38662173.0,39497182.0,3484.289066,3.774659,3.711454,3.838941,26293.824844,0.0,3.949341,3.879149,4.020802,1.894401,1.868596,1.920207,0.000173,False,True,True,True,True
ASPIRIN,PERIPHERAL SWELLING,8420.0,609506.0,143005.0,38736251.0,39497182.0,2369.015707,3.704609,3.624593,3.786391,15761.606553,0.0,3.741971,3.66009,3.825685,1.829612,1.797758,1.861467,0.000264,False,True,True,True,True
METFORMIN,HYPOTENSION,8490.0,424407.0,206844.0,38857441.0,39497182.0,2360.10363,3.703907,3.625137,3.784389,16185.854205,0.0,3.757997,3.676541,3.841257,1.846994,1.815423,1.878565,0.000259,False,True,True,True,True
IBUPROFEN,DECREASED APPETITE,4611.0,214089.0,223942.0,39054540.0,39497182.0,1265.521705,3.697988,3.592806,3.806249,8944.964543,0.0,3.756097,3.647029,3.868426,1.865497,1.823014,1.907981,0.00047,False,True,True,True,True
ASPIRIN,DYSPNOEA,32335.0,585591.0,554945.0,38324311.0,39497182.0,9187.885386,3.666101,3.626257,3.706382,60135.689522,0.0,3.813317,3.769692,3.857446,1.815312,1.798782,1.831841,7.1e-05,False,True,True,True,True
ASPIRIN,BACK PAIN,12601.0,605325.0,216815.0,38662441.0,39497182.0,3589.170266,3.656766,3.592309,3.722379,23121.179041,0.0,3.712072,3.645345,3.78002,1.811869,1.78576,1.837978,0.000177,False,True,True,True,True
METFORMIN,NAUSEA,30194.0,402703.0,749181.0,38315104.0,39497182.0,8542.105596,3.636882,3.596707,3.677505,56606.780734,0.0,3.834591,3.789168,3.880558,1.82162,1.804504,1.838735,7.6e-05,False,True,True,True,True
IBUPROFEN,INSOMNIA,5826.0,212874.0,287895.0,38990587.0,39497182.0,1626.363691,3.63448,3.542638,3.728703,10986.48612,0.0,3.706581,3.610425,3.805299,1.840974,1.803086,1.878862,0.000374,False,True,True,True,True
IBUPROFEN,FATIGUE,15311.0,203389.0,757028.0,38521454.0,39497182.0,4276.521279,3.632432,3.576787,3.688943,29201.211315,0.0,3.8306,3.767604,3.894649,1.840102,1.816258,1.863945,0.000148,False,True,True,True,True
ASPIRIN,ANAEMIA,13827.0,604099.0,242602.0,38636654.0,39497182.0,4011.783581,3.586039,3.525763,3.647346,24554.958667,0.0,3.64523,3.582624,3.708931,1.785221,1.760285,1.810156,0.000162,False,True,True,True,True
ASPIRIN,DIZZINESS,26854.0,591072.0,472832.0,38406424.0,39497182.0,7817.493695,3.573416,3.530665,3.616685,47696.280085,0.0,3.690333,3.644269,3.73698,1.780383,1.762326,1.798441,8.5e-05,False,True,True,True,True
ASPIRIN,PAIN IN EXTREMITY,15491.0,602435.0,275780.0,38603476.0,39497182.0,4556.880133,3.534257,3.478202,3.591216,26851.143376,0.0,3.599423,3.540935,3.658877,1.765355,1.741777,1.788933,0.000145,False,True,True,True,True
METFORMIN,ABDOMINAL DISCOMFORT,6190.0,426707.0,158763.0,38905522.0,39497182.0,1807.917811,3.518331,3.430722,3.608176,10784.155405,0.0,3.554863,3.465111,3.646939,1.775721,1.73887,1.812571,0.000353,False,True,True,True,True
IBUPROFEN,DYSPNOEA,11215.0,207485.0,576065.0,38702417.0,39497182.0,3251.830371,3.496501,3.433412,3.56075,19904.966056,0.0,3.631442,3.56246,3.701761,1.786166,1.758552,1.813779,0.000198,False,True,True,True,True
ASPIRIN,DECREASED APPETITE,12017.0,605909.0,216536.0,38662720.0,39497182.0,3575.668793,3.491784,3.428821,3.555904,20362.595553,0.0,3.541204,3.476143,3.607483,1.748848,1.722152,1.775543,0.000186,False,True,True,True,True
METFORMIN,ABDOMINAL PAIN UPPER,7519.0,425378.0,195205.0,38869080.0,39497182.0,2221.895512,3.475877,3.397391,3.556177,12834.367993,0.0,3.519641,3.438815,3.602367,1.758841,1.725365,1.792317,0.000292,False,True,True,True,True
METFORMIN,CONSTIPATION,7829.0,425068.0,205864.0,38858421.0,39497182.0,2342.117942,3.431794,3.35588,3.509425,13067.267406,0.0,3.476583,3.398315,3.556654,1.741101,1.708291,1.773912,0.00028,False,True,True,True,True
IBUPROFEN,NAUSEA,14499.0,204201.0,764876.0,38513606.0,39497182.0,4315.480342,3.404497,3.350846,3.459007,24650.937806,0.0,3.575225,3.514971,3.636511,1.748406,1.723959,1.772853,0.000156,False,True,True,True,True
METFORMIN,ASTHENIA,13383.0,419514.0,357709.0,38706576.0,39497182.0,4067.242405,3.376128,3.319237,3.433994,21778.21067,0.0,3.451929,3.391969,3.51295,1.718329,1.693093,1.743565,0.000166,False,True,True,True,True
IBUPROFEN,ASTHENIA,6824.0,211876.0,364268.0,38914214.0,39497182.0,2054.774956,3.364526,3.286131,3.444791,11236.794681,0.0,3.440682,3.357995,3.525404,1.731738,1.696679,1.766797,0.00032,False,True,True,True,True
ASPIRIN,FATIGUE,38671.0,579255.0,733668.0,38145588.0,39497182.0,12083.098711,3.316403,3.283691,3.349441,60619.786591,0.0,3.471046,3.434618,3.50786,1.678278,1.663131,1.693426,6e-05,False,True,True,True,True
METFORMIN,FALL,11532.0,421365.0,316557.0,38747728.0,39497182.0,3595.92094,3.287366,3.227631,3.348206,17857.089033,0.0,3.349967,3.287485,3.413636,1.681268,1.654147,1.708389,0.000191,False,True,True,True,True
ASPIRIN,DIARRHOEA,31777.0,586149.0,612288.0,38266968.0,39497182.0,10076.276054,3.265417,3.229716,3.301512,48265.498764,0.0,3.388232,3.349263,3.427655,1.657041,1.640417,1.673665,7.2e-05,False,True,True,True,True
METFORMIN,PERIPHERAL SWELLING,5281.0,427616.0,146144.0,38918141.0,39497182.0,1659.648231,3.260847,3.173062,3.351062,8020.100607,0.0,3.288769,3.199179,3.380867,1.670064,1.630257,1.709871,0.000412,False,True,True,True,True
IBUPROFEN,DIZZINESS,8856.0,209844.0,490830.0,38787652.0,39497182.0,2766.813293,3.240503,3.174463,3.307917,13648.330564,0.0,3.335058,3.26429,3.407361,1.678507,1.647607,1.709406,0.000249,False,True,True,True,True
ASPIRIN,COUGH,15249.0,602677.0,298432.0,38580824.0,39497182.0,4907.480377,3.214974,3.163699,3.26708,22316.248495,0.0,3.271017,3.217584,3.325338,1.635704,1.611994,1.659414,0.000146,False,True,True,True,True
ASPIRIN,BLOOD GLUCOSE INCREASED,8968.0,608958.0,177708.0,38701548.0,39497182.0,2920.510987,3.175193,3.109012,3.242783,12781.945882,0.0,3.207226,3.139436,3.276481,1.618641,1.587872,1.649409,0.000246,False,True,True,True,True
ASPIRIN,ABDOMINAL DISCOMFORT,7792.0,610134.0,157161.0,38722095.0,39497182.0,2580.658728,3.119505,3.049768,3.190835,10735.794016,0.0,3.146573,3.075372,3.219422,1.594341,1.561373,1.627309,0.000283,False,True,True,True,True
ASPIRIN,ABDOMINAL PAIN UPPER,9391.0,608535.0,193333.0,38685923.0,39497182.0,3171.578935,3.056239,2.994051,3.119719,12453.957226,0.0,3.087971,3.024208,3.153079,1.56615,1.536097,1.596202,0.000235,False,True,True,True,True
IBUPROFEN,WEIGHT DECREASED,4566.0,214134.0,270798.0,39007684.0,39497182.0,1524.719075,3.028282,2.941882,3.11722,6142.8944,0.0,3.071532,2.982077,3.16367,1.582539,1.539925,1.625154,0.000473,False,True,True,True,True
ASPIRIN,PNEUMONIA,18754.0,599172.0,389806.0,38489450.0,39497182.0,6391.844526,3.027101,2.983717,3.071115,24542.913463,0.0,3.090549,3.044923,3.136858,1.55293,1.531523,1.574336,0.000119,False,True,True,True,True
IBUPROFEN,HYPERSENSITIVITY,6238.0,212462.0,377737.0,38900745.0,39497182.0,2126.109465,2.965936,2.893677,3.039999,8075.168046,0.0,3.023657,2.947879,3.101382,1.552978,1.516393,1.589563,0.000348,False,True,True,True,True
METFORMIN,PAIN IN EXTREMITY,9196.0,423701.0,282075.0,38782210.0,39497182.0,3192.38831,2.941912,2.882066,3.003,11500.329146,0.0,2.984059,2.92208,3.047353,1.526445,1.4962,1.55669,0.000238,False,True,True,True,True
IBUPROFEN,CONSTIPATION,3440.0,215260.0,210253.0,39068229.0,39497182.0,1183.240341,2.938476,2.841876,3.03836,4351.761904,0.0,2.969454,2.870318,3.072014,1.539868,1.490905,1.588832,0.000624,False,True,True,True,True
IBUPROFEN,DIARRHOEA,10353.0,208347.0,633712.0,38644770.0,39497182.0,3566.254815,2.934136,2.87903,2.990296,13202.688509,0.0,3.030245,2.970565,3.091124,1.537632,1.508986,1.566279,0.000214,False,True,True,True,True
METFORMIN,DIZZINESS,15726.0,417171.0,483960.0,38580325.0,39497182.0,5476.658318,2.932271,2.886893,2.978362,19642.280859,0.0,3.005111,2.956904,3.054105,1.521827,1.49854,1.545114,0.000141,False,True,True,True,True
IBUPROFEN,PRURITUS,8357.0,210343.0,518018.0,38760464.0,39497182.0,2914.593059,2.89742,2.836641,2.959501,10357.196727,0.0,2.972805,2.908021,3.039033,1.519772,1.488025,1.551519,0.000262,False,True,True,True,True
METFORMIN,BACK PAIN,6958.0,425939.0,222458.0,38841827.0,39497182.0,2514.445161,2.822485,2.756453,2.890099,7986.105968,0.0,2.852257,2.784473,2.921691,1.468531,1.433865,1.503198,0.000313,False,True,True,True,True
METFORMIN,CHEST PAIN,5997.0,426900.0,193262.0,38871023.0,39497182.0,2183.91842,2.80016,2.729592,2.872552,6765.478649,0.0,2.825448,2.753275,2.899514,1.457437,1.420139,1.494736,0.000362,False,True,True,True,True
ASPIRIN,JOINT SWELLING,5020.0,612906.0,113932.0,38765324.0,39497182.0,1860.981716,2.772295,2.695332,2.851456,5464.120373,0.0,2.786811,2.708837,2.86703,1.43176,1.390868,1.472652,0.000435,False,True,True,True,True
IBUPROFEN,HYPOTENSION,3248.0,215452.0,212086.0,39066396.0,39497182.0,1192.326729,2.750489,2.657487,2.846746,3583.426614,0.0,2.776878,2.681606,2.875535,1.445987,1.395644,1.496331,0.00066,False,True,True,True,True
METFORMIN,MALAISE,12787.0,420110.0,420983.0,38643302.0,39497182.0,4754.205799,2.740939,2.693828,2.788874,13875.143143,0.0,2.793929,2.744486,2.844262,1.427455,1.401734,1.453176,0.000172,False,True,True,True,True
ASPIRIN,ARTHRALGIA,16902.0,601024.0,391981.0,38487275.0,39497182.0,6396.8978,2.71303,2.672127,2.754558,17709.188326,0.0,2.761204,2.718444,2.804636,1.401789,1.379319,1.42426,0.000131,False,True,True,True,True
IBUPROFEN,MALAISE,6436.0,212264.0,427334.0,38851148.0,39497182.0,2401.829553,2.70492,2.640107,2.771326,6889.27714,0.0,2.756615,2.688603,2.826347,1.422138,1.386129,1.458147,0.000338,False,True,True,True,True
ASPIRIN,NAUSEA,31923.0,586003.0,747452.0,38131804.0,39497182.0,12193.175611,2.687212,2.658037,2.716706,33085.1522,0.0,2.779124,2.747361,2.811254,1.388543,1.372018,1.405067,7.1e-05,False,True,True,True,True
IBUPROFEN,FALL,4817.0,213883.0,323272.0,38955210.0,39497182.0,1816.662877,2.676175,2.601923,2.752545,5024.580185,0.0,2.713925,2.63697,2.793126,1.406988,1.365515,1.448462,0.000448,False,True,True,True,True
ASPIRIN,NASOPHARYNGITIS,7428.0,610498.0,174862.0,38704394.0,39497182.0,2851.89284,2.672747,2.611759,2.73516,7494.046073,0.0,2.6931,2.630927,2.756743,1.381146,1.347493,1.4148,0.000295,False,True,True,True,True
ASPIRIN,DRUG HYPERSENSITIVITY,7778.0,610148.0,183945.0,38695311.0,39497182.0,2999.470355,2.660489,2.601168,2.721163,7771.509817,0.0,2.681656,2.621129,2.743581,1.374779,1.341886,1.407673,0.000282,False,True,True,True,True
IBUPROFEN,RASH,9495.0,209205.0,641157.0,38637325.0,39497182.0,3602.727719,2.659724,2.607521,2.712971,9852.79552,0.0,2.735052,2.678982,2.792295,1.39815,1.368312,1.427988,0.000232,False,True,True,True,True
METFORMIN,DYSPNOEA,16776.0,416121.0,570504.0,38493781.0,39497182.0,6436.706046,2.653536,2.613878,2.693797,17045.521598,0.0,2.720199,2.677947,2.763117,1.382044,1.359504,1.404585,0.000132,False,True,True,True,True
METFORMIN,JOINT SWELLING,3396.0,429501.0,115556.0,38948729.0,39497182.0,1303.737668,2.651981,2.563349,2.743678,3405.165391,0.0,2.665043,2.575295,2.75792,1.381388,1.331999,1.430776,0.000635,False,True,True,True,True
ASPIRIN,VOMITING,18730.0,599196.0,449188.0,38430068.0,39497182.0,7320.489296,2.623561,2.586054,2.661611,18281.753355,0.0,2.674311,2.634922,2.714288,1.355375,1.334013,1.376736,0.000119,False,True,True,True,True
METFORMIN,NASOPHARYNGITIS,5045.0,427852.0,177245.0,38887040.0,39497182.0,1997.934793,2.568517,2.498036,2.640987,4720.385224,0.0,2.587012,2.515213,2.660862,1.336482,1.295906,1.377059,0.000429,False,True,True,True,True
METFORMIN,FATIGUE,21327.0,411570.0,751012.0,38313273.0,39497182.0,8464.989631,2.562585,2.528787,2.596834,20153.661374,0.0,2.643556,2.606927,2.680699,1.333132,1.313054,1.35321,0.000105,False,True,True,True,True
ASPIRIN,INSOMNIA,11470.0,606456.0,282251.0,38597005.0,39497182.0,4595.209923,2.556874,2.510009,2.604615,10526.970214,0.0,2.58632,2.538048,2.63551,1.319722,1.292581,1.346863,0.000192,False,True,True,True,True
METFORMIN,MYOCARDIAL INFARCTION,5500.0,427397.0,196875.0,38867410.0,39497182.0,2218.070402,2.520969,2.454728,2.588997,4935.150224,0.0,2.540541,2.472953,2.609977,1.310252,1.271381,1.349124,0.000393,False,True,True,True,True
METFORMIN,COUGH,8511.0,424386.0,305170.0,38759115.0,39497182.0,3438.006384,2.516715,2.463601,2.570974,7629.06049,0.0,2.547133,2.492328,2.603142,1.307837,1.276488,1.339186,0.000256,False,True,True,True,True
IBUPROFEN,COUGH,4313.0,214387.0,309368.0,38969114.0,39497182.0,1736.884285,2.50386,2.430451,2.579486,3872.880871,0.0,2.534114,2.458358,2.612204,1.312352,1.26859,1.356114,0.000499,False,True,True,True,True
ASPIRIN,HEADACHE,23949.0,593977.0,605313.0,38273943.0,39497182.0,9844.685897,2.489367,2.458034,2.521099,20860.516378,0.0,2.549417,2.516074,2.583203,1.282576,1.263632,1.301521,9.3e-05,False,True,True,True,True
ASPIRIN,MALAISE,16396.0,601530.0,417374.0,38461882.0,39497182.0,6786.250245,2.47169,2.433915,2.510051,13977.786068,0.0,2.511804,2.472402,2.551834,1.272699,1.24993,1.295467,0.000135,False,True,True,True,True
ASPIRIN,PYREXIA,12786.0,605140.0,328920.0,38550336.0,39497182.0,5345.926242,2.445828,2.403428,2.488976,10610.926061,0.0,2.476377,2.432568,2.520974,1.258106,1.232395,1.283817,0.000172,False,True,True,True,True
METFORMIN,ARTHRALGIA,10641.0,422256.0,398242.0,38666043.0,39497182.0,4481.43931,2.411186,2.365763,2.457481,8649.430809,0.0,2.446748,2.399523,2.494903,1.247664,1.219579,1.27575,0.000205,False,True,True,True,True
ASPIRIN,ANXIETY,10574.0,607352.0,277192.0,38602064.0,39497182.0,4502.045065,2.400159,2.354381,2.446828,8380.523423,0.0,2.424536,2.377513,2.47249,1.231933,1.203715,1.260151,0.000207,False,True,True,True,True
METFORMIN,GASTROINTESTINAL HAEMORRHAGE,2748.0,430149.0,103522.0,38960763.0,39497182.0,1164.740416,2.395407,2.306635,2.487597,2181.882769,0.0,2.404322,2.314669,2.497448,1.238628,1.183835,1.29342,0.000782,False,True,True,True,True
IBUPROFEN,ABDOMINAL PAIN,5515.0,213185.0,435839.0,38842643.0,39497182.0,2443.822949,2.272612,2.213789,2.332999,3924.927569,0.0,2.305534,2.244346,2.36839,1.174347,1.135569,1.213125,0.000391,False,True,True,True,True
METFORMIN,CONDITION AGGRAVATED,7254.0,425643.0,290731.0,38773554.0,39497182.0,3265.97509,2.25155,2.200125,2.304176,4961.100543,0.0,2.272879,2.220105,2.326908,1.151358,1.117493,1.185224,0.000299,False,True,True,True,True
METFORMIN,ANAEMIA,6233.0,426664.0,250196.0,38814089.0,39497182.0,2810.513034,2.248082,2.192677,2.304887,4241.436917,0.0,2.266314,2.209665,2.324416,1.149204,1.112711,1.185698,0.000347,False,True,True,True,True
METFORMIN,HEADACHE,15124.0,417773.0,614138.0,38450147.0,39497182.0,6896.837147,2.222266,2.187316,2.257774,10083.498995,0.0,2.266514,2.229605,2.304033,1.132878,1.10923,1.156526,0.000146,False,True,True,True,True
ASPIRIN,CONDITION AGGRAVATED,9847.0,608079.0,288138.0,38591118.0,39497182.0,4661.919403,2.15023,2.107803,2.193511,5903.143875,0.0,2.168856,2.125388,2.213213,1.07883,1.049656,1.108004,0.000222,False,True,True,True,True
METFORMIN,ANXIETY,6682.0,426215.0,281084.0,38783201.0,39497182.0,3153.97281,2.145189,2.09416,2.197462,4019.461478,0.0,2.163143,2.1109,2.216679,1.083214,1.047969,1.118458,0.000323,False,True,True,True,True
IBUPROFEN,ANAEMIA,2989.0,215711.0,253440.0,39025042.0,39497182.0,1419.874013,2.11815,2.04363,2.195387,1755.116763,0.0,2.133643,2.057563,2.212537,1.074135,1.021773,1.126497,0.000714,False,True,True,True,True
METFORMIN,INSOMNIA,6609.0,426288.0,287112.0,38777173.0,39497182.0,3219.240799,2.077207,2.02754,2.12809,3635.901979,0.0,2.093907,2.043084,2.145995,1.037817,1.002393,1.07324,0.000327,False,True,True,True,True
METFORMIN,PNEUMONIA,9020.0,423877.0,399540.0,38664745.0,39497182.0,4477.899166,2.037237,1.995594,2.079749,4706.967666,0.0,2.059309,2.016339,2.103196,1.010382,0.979987,1.040777,0.00024,False,True,True,True,True
METFORMIN,PYREXIA,7444.0,425453.0,334262.0,38730023.0,39497182.0,3745.165979,2.009623,1.964376,2.055913,3725.790682,0.0,2.027288,1.980863,2.074802,0.991142,0.957745,1.024538,0.00029,False,True,True,True,True
IBUPROFEN,PNEUMONIA,4452.0,214248.0,404108.0,38874374.0,39497182.0,2262.239164,1.978626,1.921616,2.037326,2153.684181,0.0,1.998961,1.940193,2.059509,0.976859,0.933832,1.019886,0.000482,False,False,True,True,True
ASPIRIN,PRURITUS,15760.0,602166.0,510615.0,38368641.0,39497182.0,8235.038091,1.941977,1.911819,1.972611,7079.749265,0.0,1.966631,1.935309,1.99846,0.936464,0.913337,0.95959,0.000139,False,False,True,True,True
METFORMIN,DRUG HYPERSENSITIVITY,3889.0,429008.0,187834.0,38876451.0,39497182.0,2101.322356,1.868353,1.810216,1.928358,1545.201808,0.0,1.876225,1.817326,1.937033,0.888282,0.842289,0.934274,0.000551,False,False,True,True,True
METFORMIN,ABDOMINAL PAIN,8710.0,424187.0,432644.0,38631641.0,39497182.0,4837.327953,1.816698,1.778947,1.855251,3170.168913,0.0,1.833468,1.794601,1.873176,0.848542,0.817656,0.879428,0.000248,False,False,True,True,True
ASPIRIN,URTICARIA,5073.0,612853.0,188643.0,38690613.0,39497182.0,3030.650466,1.692021,1.645675,1.739671,1405.101563,0.0,1.697749,1.650871,1.745958,0.743349,0.702981,0.783717,0.000424,False,False,True,True,True
METFORMIN,URTICARIA,3486.0,429411.0,190230.0,38874055.0,39497182.0,2123.166034,1.65365,1.599386,1.709755,888.839676,0.0,1.658957,1.604087,1.715703,0.715557,0.667054,0.764059,0.000612,False,False,True,True,True
METFORMIN,PRURITUS,8720.0,424177.0,517655.0,38546630.0,39497182.0,5769.175086,1.520097,1.488579,1.552283,1546.62885,0.0,1.530789,1.498407,1.563871,0.596043,0.565222,0.626864,0.000247,False,False,True,True,True
ASPIRIN,RASH,14665.0,603261.0,635987.0,38243269.0,39497182.0,10179.328433,1.450826,1.427545,1.474486,2041.727898,0.0,1.461785,1.437767,1.486204,0.526782,0.50291,0.550653,0.000148,False,False,True,True,True
ASPIRIN,ABDOMINAL PAIN,9716.0,608210.0,431638.0,38447618.0,39497182.0,6904.900502,1.416281,1.388307,1.444818,1175.772878,0.0,1.422931,1.394384,1.452062,0.492813,0.463601,0.522026,0.000222,False,False,True,True,True
ASPIRIN,TOXICITY TO VARIOUS AGENTS,3564.0,614362.0,162057.0,38717199.0,39497182.0,2591.109463,1.38373,1.338685,1.430291,372.662155,0.0,1.385956,1.340583,1.432865,0.460124,0.412127,0.508122,0.0006,False,False,True,True,True
IBUPROFEN,PAIN,16114.0,202586.0,2196978.0,37081504.0,39497182.0,12254.120317,1.317297,1.297794,1.337093,1295.147926,0.0,1.342535,1.321093,1.364325,0.395089,0.371943,0.418235,0.000139,False,False,True,True,True
ASPIRIN,DEATH,17674.0,600252.0,872332.0,38006924.0,39497182.0,13923.976844,1.274778,1.256203,1.293627,1049.665318,0.0,1.282869,1.263632,1.302398,0.344096,0.322331,0.365861,0.000123,False,False,True,True,True
METFORMIN,RASH,8494.0,424403.0,642158.0,38422127.0,39497182.0,7131.275817,1.193619,1.168585,1.219189,267.700266,0.0,1.197494,1.171882,1.223665,0.252366,0.221198,0.283534,0.000253,False,False,True,True,True
IBUPROFEN,MYOCARDIAL INFARCTION,1286.0,217414.0,201089.0,39077393.0,39497182.0,1120.571399,1.148573,1.087467,1.213112,24.684482,1e-06,1.149452,1.087948,1.214433,0.19921,0.119897,0.278523,0.001637,False,False,True,True,True
METFORMIN,DEATH,9233.0,423664.0,880773.0,38183512.0,39497182.0,9754.643442,0.945963,0.926968,0.965347,28.854956,0.0,0.944785,0.925404,0.964572,-0.079214,-0.109094,-0.049334,0.000232,False,False,False,False,False
ASPIRIN,HYPERSENSITIVITY,5153.0,612773.0,378822.0,38500434.0,39497182.0,6007.216815,0.855867,0.832757,0.879619,124.610252,0.0,0.854655,0.831385,0.878576,-0.221147,-0.260955,-0.181339,0.000413,False,False,False,False,False
METFORMIN,HYPERSENSITIVITY,3486.0,429411.0,380489.0,38683796.0,39497182.0,4208.442657,0.826762,0.799754,0.854683,126.623486,0.0,0.825356,0.798177,0.85346,-0.27151,-0.319802,-0.223219,0.000607,False,False,False,False,False
IBUPROFEN,DEATH,3968.0,214732.0,886038.0,38392444.0,39497182.0,4928.055683,0.804313,0.77984,0.829555,192.409597,0.0,0.800697,0.77589,0.826297,-0.312429,-0.357813,-0.267044,0.000536,False,False,False,False,False
ASPIRIN,PAIN,21989.0,595937.0,2191103.0,36688153.0,39497182.0,34623.409012,0.631428,0.623246,0.639719,4961.703031,0.0,0.617829,0.609527,0.626244,-0.654934,-0.674417,-0.635452,9.9e-05,False,False,False,False,False
METFORMIN,PAIN,14146.0,418751.0,2198946.0,36865339.0,39497182.0,24255.930145,0.580516,0.571154,0.590032,4513.434782,0.0,0.566346,0.556905,0.575947,-0.777894,-0.802116,-0.753673,0.000153,False,False,False,False,False
IBUPROFEN,LACTIC ACIDOSIS,0.0,218700.0,31672.0,39246810.0,39497182.0,,0.002835,0.000177,0.045332,176.489132,0.0,0.002833,0.000177,0.045296,,,,,True,False,False,False,False
IBUPROFEN,HYPOGLYCAEMIA,0.0,218700.0,50111.0,39228371.0,39497182.0,,0.001792,0.000112,0.028651,279.369189,0.0,0.00179,0.000112,0.028615,,,,,True,False,False,False,False
ASPIRIN,LACTIC ACIDOSIS,0.0,617926.0,31672.0,38847584.0,39497182.0,,0.000993,6.2e-05,0.015881,503.781719,0.0,0.000992,6.2e-05,0.015868,,,,,True,False,False,False,False
IBUPROFEN,BLOOD GLUCOSE INCREASED,0.0,218700.0,186676.0,39091806.0,39497182.0,,0.000481,3e-05,0.007691,1044.335525,0.0,0.000479,3e-05,0.007655,,,,,True,False,False,False,False
